insert into products_category (id, name) values (1, 'Soap - Mr.clean Floor Soap');
insert into products_category (id, name) values (2, 'Green Tea Refresher');
insert into products_category (id, name) values (3, 'Cherries - Frozen');
insert into products_category (id, name) values (4, 'Bacardi Raspberry');
insert into products_category (id, name) values (5, 'Wine - Vineland Estate Semi - Dry');
insert into products_category (id, name) values (6, 'Cheese - Pied De Vents');
insert into products_category (id, name) values (7, 'Clam - Cherrystone');
insert into products_category (id, name) values (8, 'Juice - Clamato, 341 Ml');
insert into products_category (id, name) values (9, 'Placemat - Scallop, White');
insert into products_category (id, name) values (10, 'Buffalo - Short Rib Fresh');


insert into products_brand (id, name) values (1, 'Asparagus - Frozen');
insert into products_brand (id, name) values (2, 'Soup - Tomato Mush. Florentine');
insert into products_brand (id, name) values (3, 'Salt - Rock, Course');
insert into products_brand (id, name) values (4, 'Bacardi Limon');
insert into products_brand (id, name) values (5, 'Table Cloth 81x81 Colour');


insert into products_product (id, name, description, image, category_id, brand_id) values (1, 'Basil - Fresh', 'Passenger in hv veh injured in clsn w oth mv in traf, init', null, 1, 1);
insert into products_product (id, name, description, image, category_id, brand_id) values (2, 'Pasta - Linguini, Dry', 'Contact w powered woodworking and forming machines, subs', null, 2, 2);
insert into products_product (id, name, description, image, category_id, brand_id) values (3, 'Wine - Masi Valpolocell', 'Displ transverse fx r patella, subs for clos fx w nonunion', null, 3, 3);
insert into products_product (id, name, description, image, category_id, brand_id) values (4, 'Pepper - White, Whole', 'Rheumatoid bursitis, right wrist', null, 4, 4);
insert into products_product (id, name, description, image, category_id, brand_id) values (5, 'Veal - Slab Bacon', 'Other secondary chronic gout, right hand', null, 5, 5);
insert into products_product (id, name, description, image, category_id, brand_id) values (6, 'Zucchini - Green', 'Stable burst fx T5-T6 vertebra, subs for fx w delay heal', null, 6, 1);
insert into products_product (id, name, description, image, category_id, brand_id) values (7, 'Eel Fresh', 'Vertebro-basilar artery syndrome', null, 7, 2);
insert into products_product (id, name, description, image, category_id, brand_id) values (8, 'Wine - Coteaux Du Tricastin Ac', 'Displ commnt fx unsp patella, 7thH', null, 8, 3);
insert into products_product (id, name, description, image, category_id, brand_id) values (9, 'Mix - Cappucino Cocktail', 'Sprain of interphalangeal joint of left middle finger, init', null, 9, 4);
insert into products_product (id, name, description, image, category_id, brand_id) values (10, 'Cookies - Englishbay Chochip', 'Unspecified superficial injury of left wrist', null, 10, 5);
insert into products_product (id, name, description, image, category_id, brand_id) values (11, 'Sword Pick Asst', 'Diab with diab macular edema, resolved fol trtmt, left eye', null, 1, 1);
insert into products_product (id, name, description, image, category_id, brand_id) values (12, 'Vegetable - Base', 'Minor laceration of right carotid artery, subs encntr', null, 2, 2);
insert into products_product (id, name, description, image, category_id, brand_id) values (13, 'Pepper - Red Thai', 'Person outside car injured in clsn w nonmtr vehicle in traf', null, 3, 3);
insert into products_product (id, name, description, image, category_id, brand_id) values (14, 'Chick Peas - Canned', 'Poisoning by oth drugs acting on muscles, undetermined, init', null, 4, 4);
insert into products_product (id, name, description, image, category_id, brand_id) values (15, 'Sloe Gin - Mcguinness', 'Carbuncle of neck', null, 5, 5);
insert into products_product (id, name, description, image, category_id, brand_id) values (16, 'Pork - Hock And Feet Attached', 'Other superficial bite of scrotum and testes', null, 6, 1);
insert into products_product (id, name, description, image, category_id, brand_id) values (17, 'Iced Tea - Lemon, 340ml', 'Posterior synechiae (iris), unspecified eye', null, 7, 2);
insert into products_product (id, name, description, image, category_id, brand_id) values (18, 'Container - Clear 16 Oz', null, null, 8, 3);
insert into products_product (id, name, description, image, category_id, brand_id) values (19, 'Liquid Aminios Acid - Braggs', '2-part nondisp fx of surg nk of r humer, 7thK', null, 9, 4);
insert into products_product (id, name, description, image, category_id, brand_id) values (20, 'Swordfish Loin Portions', 'Burn 3rd deg mu sites of right lower limb, ex ank/ft, sqla', null, 10, 5);
insert into products_product (id, name, description, image, category_id, brand_id) values (21, 'Tea - Herbal I Love Lemon', 'Burn of third degree of back of right hand', null, 1, 1);
insert into products_product (id, name, description, image, category_id, brand_id) values (22, 'Cleaner - Comet', 'Hepatic failure, unspecified without coma', null, 2, 2);
insert into products_product (id, name, description, image, category_id, brand_id) values (23, 'Pepper - Roasted Red', 'Oligohydramnios, first trimester, not applicable or unsp', null, 3, 3);
insert into products_product (id, name, description, image, category_id, brand_id) values (24, 'Sour Puss Sour Apple', 'Congen absence of both forearm and hand, right upper limb', null, 4, 4);
insert into products_product (id, name, description, image, category_id, brand_id) values (25, 'Pasta - Ravioli', 'Burns involving 60-69% of body surface', null, 5, 5);
insert into products_product (id, name, description, image, category_id, brand_id) values (26, 'Lamb - Bones', 'Tox eff of halgn deriv of aliphatic hydrocrb, slf-hrm, subs', null, 6, 1);
insert into products_product (id, name, description, image, category_id, brand_id) values (27, 'Ostrich - Prime Cut', 'Complete loss of teeth due to trauma', null, 7, 5);
insert into products_product (id, name, description, image, category_id, brand_id) values (28, 'Spaghetti Squash', 'Unspecified chronic conjunctivitis, right eye', null, 8, 3);
insert into products_product (id, name, description, image, category_id, brand_id) values (29, 'Table Cloth 120 Round White', 'Abrasion of left ear, sequela', null, 9, 4);
insert into products_product (id, name, description, image, category_id, brand_id) values (30, 'Arizona - Plum Green Tea', 'Sltr-haris Type IV physeal fx lower end of r femur, sequela', null, 10, 5);


